Complexity,Loss,Equation
1,2.9234781,"7.674005"
5,2.842458,"(-3.3572884 / x0) + 7.926433"
7,2.715932,"((x5 * -8.7931255e-8) * x5) + 7.9680247"
9,1.8338572,"(((x5 * -6.4053125e-7) + 0.0026160462) * x5) + 6.098008"
11,1.8234526,"((x5 + x1) * ((x5 * -6.394577e-7) + 0.0026197003)) - -6.0592113"
13,1.7537378,"(x4 * 0.055269312) + ((((x5 * -6.2838564e-7) + 0.0024314686) * x5) - -5.5731936)"
15,1.7050598,"((x5 + (x3 * (x4 * 3.6527104))) * ((x5 * -5.473336e-7) + 0.0022821978)) - -5.782868"
17,1.6922059,"(((x5 / 32.006237) - 138.65701) * (((x3 + x4) * -0.0005418316) - (x5 * 1.8085888e-5))) - -5.0301456"
19,1.5837675,"(((x5 * -4.778709e-7) + 0.0019378103) * (x5 + (x4 * (((x5 * -2.4358571e-5) + 0.08814999) * x5)))) - -5.6602454"
21,1.4619229,"((x5 + (x4 * (x5 * (((x5 * -3.9862343e-6) + 0.010257416) * x3)))) * ((x5 * -3.8385443e-7) + 0.0019477374)) - -5.842139"
23,1.3519626,"(((x5 * -4.795952e-7) + 0.0023577816) * ((x5 * (((x5 * -1.7406297e-5) + 0.040489074) * (x1 + (x4 - x0)))) + x5)) - -5.951223"
25,1.3429847,"((((((x4 - x0) + x1) * x5) * ((-1.7348424e-5 * (x5 + x1)) + 0.04087001)) + x5) * ((x5 * -4.7352782e-7) + 0.0023334785)) - -6.017985"
27,1.3343002,"(((((((x4 + x1) + -3.0050416) - x0) * x5) * (((x5 + x1) * -1.7794348e-5) + 0.040870573)) + x5) * ((x5 * -4.966287e-7) + 0.0024341547)) - -6.015651"
29,1.325804,"(((((((x1 + x5) + x1) * -1.7520459e-5) + 0.040870886) * (((x4 + x1) + (-3.0050416 - x0)) * x5)) + x5) * ((x5 * -4.981275e-7) + 0.0024414274)) - -6.015651"
