Complexity,Loss,Equation
1,2.9234781,"7.674005"
5,2.842458,"(-3.3575559 / x0) + 7.9264555"
7,2.715932,"7.9680552 - ((x5 * 8.80414e-8) * x5)"
9,1.8338574,"6.0990906 - (((x5 * 6.4027626e-7) + -0.0026146758) * x5)"
11,1.8234575,"6.062442 - ((x5 + x1) * ((x5 * 6.3898074e-7) + -0.0026159252))"
13,1.758859,"5.732963 - (((x5 * 5.755289e-7) + -0.002414439) * (x5 + (x1 * 15.296951)))"
15,1.7051498,"5.7672663 - (((x5 * 5.4731055e-7) + -0.0022840016) * (x5 + (x3 * (x4 * 3.73472))))"
17,1.7039486,"5.731135 - ((x5 + (((x4 * 2.8105986) + x2) * x3)) * ((x5 * 5.585997e-7) + -0.0023411568))"
19,1.6856256,"5.9683223 - (((x5 * 7.3042634e-7) + -0.002946659) * (x5 - ((((x5 * 5.3288422e-6) + -0.010225547) * x1) * x5)))"
21,1.466318,"5.9683213 - (((x5 * 3.6661876e-7) + -0.0018850425) * (x5 - (((x3 * x4) * x5) * ((4.00209e-6 * x5) + -0.010169059))))"
23,1.4618706,"5.9478936 - (((x5 * 3.6938107e-7) + -0.0018957178) * ((x5 - (x3 * ((((x5 * 4.0054447e-6) + -0.010171558) * x5) * x4))) - x0))"
25,1.4597794,"5.9478936 - (((3.6661876e-7 * x5) + -0.0018850425) * (x5 - ((((x3 * (x4 * ((x5 * 4.00209e-6) + -0.010169059))) * x5) - x1) + x0)))"
27,1.4578681,"6.0167274 - (((x5 - ((((x3 * x5) * ((x5 * 4.7614485e-6) + -0.0127488095)) * x4) - x1)) - (x4 * x3)) * ((3.331462e-7 * x5) + -0.0016950165))"
29,1.4270976,"6.083422 - (((x5 * 3.7363816e-7) + -0.0013189012) * (x5 - (((x5 * ((x5 * 1.0479289e-6) + -0.0046731355)) * x4) * (0.96013266 - ((x3 - (x5 * -0.011533254)) * -1.0983163)))))"
33,1.4179919,"((x1 * 0.0016963596) + 6.0750046) - (((x5 * 3.7363816e-7) + -0.0013189012) * (x5 - ((x5 * ((x5 * 1.0479289e-6) + -0.0046731355)) * (x4 * (0.96013266 - ((x3 - (x5 * -0.011533254)) * -1.0983163))))))"
35,1.4104061,"(-0.41046405 * (x3 * -1.7819232e-6)) + (6.0750046 - (((x5 * 3.7363816e-7) + -0.0013189012) * (x5 - (x5 * (x4 * ((6.075011 - ((x3 - (x5 * -0.011533254)) * -1.0983163)) * (-0.0046731355 + (x5 * 1.0479289e-6))))))))"
37,1.4091592,"(6.0750046 - (((x5 * 4.6429605e-7) + -0.0015781181) * (x5 - (((6.075011 - (x3 - (x5 * -0.011551448))) * -1.0983164) * (((x5 * 1.1194477e-6) + -0.004719994) * (x5 * x4)))))) + ((x4 * -0.0043177335) * (x2 * -0.18940707))"
39,1.4011122,"(((((x5 * 0.0015008361) + -0.15358667) * 0.3433648) + 6.075006) - ((x5 - (((x5 * (6.075011 - ((x3 - (x5 * -0.0116598215)) * -1.0983173))) * x4) * ((x5 * 9.613929e-7) + -0.004724799))) * ((x5 * 3.660651e-7) + -0.0010845833))) - -0.048416343"
