Complexity,Loss,Equation
1,49.599167,"x4"
3,47.877525,"x2 + 8.648452"
4,44.500477,"sqrt(x5 * 0.15150052)"
5,38.760456,"sqrt(x2 * sqrt(x5))"
6,36.24173,"x2 + sqrt(x5 * 0.060281422)"
7,35.14491,"sqrt(sqrt(x5 * x3)) + x2"
9,34.50797,"sqrt((sqrt(x5) * 0.30216306) * x3) + x2"
10,33.483917,"x2 + sqrt(((x3 * x5) * 0.0056018336) + x4)"
11,33.428013,"sqrt(((x2 + x3) * (x4 + sqrt(x5))) * 0.33070397)"
12,33.12597,"sqrt((x4 + x4) + ((x5 * 0.00533189) * x3)) + x2"
13,32.616627,"sqrt(sqrt((((x3 * x5) * 0.05675046) * x4) - -156.01253)) + x2"
15,32.18569,"sqrt(sqrt((x4 * (x3 * (x5 * 0.1096703))) - -431.11813)) + (x2 * 0.6886083)"
16,32.050156,"sqrt(sqrt(((sqrt(x5) / 0.5782818) + x1) * (((x4 * x2) * x3) + 28.956413)))"
17,32.04556,"sqrt(sqrt(((x2 * (x4 * x3)) + 29.135136) * ((sqrt(x5) / 0.5790171) + abs(x1))))"
18,31.848932,"(x2 + 2.6631863) + abs(sqrt(sqrt(((x3 * x5) * x4) * 0.045048557)) + (x0 * -0.12443413))"
20,31.446217,"abs((x0 * -0.13389261) + sqrt(sqrt((x3 * x5) * (x4 * 0.072146446)))) + ((x2 - -5.0256844) / 1.4443719)"
22,31.340384,"abs((x0 * -0.16525494) + sqrt(sqrt(x0 + (x3 * ((x5 * 0.065491565) * x4))))) + ((x2 - -6.1421447) / 1.4499515)"
24,31.185225,"((x2 - -6.045185) / 1.4588357) + abs(sqrt(sqrt((x1 * x1) + (((x5 * x4) * x3) * 0.063166425))) + (x0 * -0.16190366))"
27,30.851637,"abs(sqrt(abs(x1 + sqrt(abs((((x3 - 3.2750015) * -0.057386547) * x4) * x5)))) + (x0 * -0.15436977)) + (x2 - (sqrt(x2) + -4.8452673))"
29,30.850359,"(abs(sqrt(abs(sqrt((((x4 * x5) - -0.5746247) * 0.0576813) * abs(x3 - 3.2750015)) + x1)) + (x0 * -0.15436977)) + x2) - (sqrt(x2) + -4.8452673)"
31,30.658619,"x2 + (abs((x0 * -0.16352165) + sqrt(abs(x1 + sqrt(abs((3.3167467 - x3) * ((((x3 / x0) - x4) * x5) * -0.07029638)))))) - (sqrt(x2) + -4.802824))"
33,30.653347,"x2 + (abs((x0 * -0.1635573) + sqrt(abs((x1 * 1.0851214) + sqrt(abs((3.3167405 - x3) * ((((x3 / x0) - x4) * x5) * 0.06624443)))))) - (sqrt(x2) + -4.8028226))"
38,30.632896,"(x2 + (abs((x0 * -0.1567022) + sqrt(abs((sqrt(abs(((x3 / x0) - x4) * ((x5 * (3.3096085 - abs(x3))) * 0.05657138))) + (x1 + -1.8290858)) / 0.9243809))) - (sqrt(x2) + -4.5289335))) - -0.2576768"
39,30.606588,"abs((x2 + abs((x0 * -0.14591117) + (sqrt(sqrt(abs((x5 * ((x4 - (x3 / x0)) * 0.07650979)) * (3.352961 - x3))) + ((x1 * 1.2693467) + (x3 / 1.4302678))) + -1.1686523))) - (sqrt(x2) + -4.9420047))"
