Complexity,Loss,Equation
1,138.12189,"25.107817"
3,116.36253,"x1 + 21.015257"
5,95.55728,"(x0 * -0.0051752916) + 30.717947"
7,81.94213,"1407.9818 / ((x0 / 36.847137) + 37.333363)"
9,79.47191,"8.880848 - (-1595.0508 / ((x0 / 11.519289) + 47.770145))"
11,79.36195,"9.055465 - (-2956.4263 / (((x0 / 5.9028583) + x1) + 81.41348))"
13,65.575424,"2583.9673 / ((x0 / (x0 - 299.94528)) + ((x0 / 22.176575) - -73.13903))"
15,63.281456,"10.313687 - (-2363.4458 / ((x0 * ((1.5730524 / (x0 + -299.0712)) + 0.15807272)) + 77.004196))"
17,63.266953,"10.32038 - (-2363.4456 / (((x0 * 0.15895961) + ((x0 / (x0 + -299.19632)) * 1.6070255)) + 76.937416))"
19,54.974144,"2367.7466 / ((x0 / (x0 + -299.8639)) + ((x0 / ((3.6660757 / (x0 - 90.57874)) + 26.402777)) - -71.42748))"
21,53.801075,"2.2163882 - ((-2413.1519 / ((x0 * 0.04581979) + ((x0 / (x0 + -299.07986)) - -77.49273))) + (22.427307 / (89.370575 - x0)))"
23,53.772507,"2.2163944 - ((-2413.1519 / ((((x0 + x1) * 0.045337565) + (x0 / (x0 + -299.08002))) - -77.49273)) + (22.427309 / (89.37034 - x0)))"
25,53.35452,"2.6626863 - ((22.943447 / (89.3713 - x0)) + (-2413.1519 / (((x0 + (x1 * x1)) * 0.048535697) + ((x0 / (x0 + -299.07938)) - -76.42653))))"
27,49.712635,"4.5214586 - ((-14.61172 / (91.18393 - x0)) + (-2363.2559 / ((((-3.674511 / (x1 + -4.815241)) + (x0 / (x0 + -298.9358))) + (x0 * 0.061770216)) - -83.91648)))"
29,49.388474,"6.9240665 - ((-8.433404 / (90.90085 - x0)) + (-2363.2485 / (((x0 * 0.08687614) + (((x1 + -8.433404) / (x1 + -4.82702)) + (x0 / (x0 + -298.09753)))) - -84.66476)))"
